Postcode,Lat,Lon
BD1 1AA,53.79602,-1.75060
BD1 1AE,53.79575,-1.75097
BD1 1AF,53.79499,-1.75030
BD1 1AG,53.79350,-1.75326
BD1 1AH,53.79448,-1.74918
BD1 1AJ,53.80264,-1.75584
BD1 1AN,53.79567,-1.75016
BD1 1AW,53.79575,-1.75100
BD1 1BA,53.79319,-1.75212
BD1 1BG,53.79388,-1.74979
BD1 1BL,53.79416,-1.75249
BD1 1BX,53.79575,-1.75100
BD1 1BZ,53.79666,-1.75117
BD1 1DA,53.79397,-1.75166
BD1 1DB,53.79395,-1.75100
BD1 1DD,53.79459,-1.75036
BD1 1DE,53.79439,-1.75049
BD1 1DF,53.79418,-1.75055
BD1 1DG,53.79418,-1.75055
BD1 1DH,53.79434,-1.74926
BD1 1DJ,53.79443,-1.74958
BD1 1DL,53.79413,-1.75358
BD1 1DN,53.79443,-1.74958
BD1 1DP,53.79387,-1.74926
BD1 1DQ,53.79395,-1.75100
BD1 1DR,53.79415,-1.74835
BD1 1DT,53.79388,-1.74979
BD1 1DU,53.79381,-1.74946
BD1 1DW,53.79434,-1.74926
BD1 1DX,53.79305,-1.74949
BD1 1DY,53.79305,-1.74949
BD1 1DZ,53.79285,-1.75176
BD1 1EA,53.79397,-1.75166
BD1 1EB,53.79305,-1.75101
BD1 1ED,53.79354,-1.75043
BD1 1EE,53.79348,-1.75102
BD1 1EF,53.79306,-1.75253
BD1 1EG,53.79457,-1.75137
BD1 1EH,53.79441,-1.75146
BD1 1EJ,53.79412,-1.75157
BD1 1EL,53.79396,-1.75252
BD1 1EP,53.79396,-1.75252
BD1 1EQ,53.80264,-1.75584
BD1 1ER,53.79397,-1.75166
BD1 1ES,53.79396,-1.75252
BD1 1ET,53.79396,-1.75252
BD1 1EU,53.79396,-1.75252
BD1 1EW,53.79396,-1.75252
BD1 1EX,53.79396,-1.75252
BD1 1EY,53.79377,-1.75086
BD1 1EZ,53.79360,-1.75119
BD1 1FB,53.80221,-1.75586
BD1 1FD,53.79666,-1.75117
BD1 1FF,53.80221,-1.75586
BD1 1FG,53.79413,-1.75358
BD1 1FH,53.79666,-1.75117
BD1 1FN,53.79666,-1.75117
BD1 1FW,53.80221,-1.75586
BD1 1HA,53.79401,-1.75137
BD1 1HB,53.79305,-1.74949
BD1 1HD,53.79216,-1.75405
BD1 1HE,53.79216,-1.75253
BD1 1HH,53.79315,-1.75109
BD1 1HJ,53.79353,-1.75210
BD1 1HL,53.79306,-1.75253
BD1 1HN,53.79361,-1.75231
BD1 1HP,53.79306,-1.75405
BD1 1HQ,53.79306,-1.75253
BD1 1HR,53.79216,-1.75253
BD1 1HS,53.79216,-1.75253
BD1 1HT,53.79216,-1.75253
BD1 1HU,53.79216,-1.75253
BD1 1HW,53.79361,-1.75231
BD1 1HX,53.79285,-1.75176
BD1 1HY,53.79231,-1.75329
BD1 1HZ,53.79272,-1.75308
BD1 1JA,53.79257,-1.74936
BD1 1JB,53.79319,-1.75212
BD1 1JD,53.79315,-1.75221
BD1 1JE,53.79171,-1.75146
BD1 1JF,53.79310,-1.75160
BD1 1JG,53.79306,-1.75253
BD1 1JJ,53.79396,-1.75404
BD1 1JL,53.80223,-1.75588
BD1 1JN,53.79272,-1.75168
BD1 1JP,53.80223,-1.75588
BD1 1JQ,53.79216,-1.75253
BD1 1JR,53.79279,-1.75055
BD1 1JT,53.79252,-1.75101
BD1 1JU,53.79197,-1.75109
BD1 1JW,53.79216,-1.75253
BD1 1JX,53.79222,-1.75050
BD1 1JY,53.79119,-1.74935
BD1 1JZ,53.79216,-1.75102
BD1 1LA,53.79178,-1.75418
BD1 1LB,53.79164,-1.75451
BD1 1LD,53.79414,-1.75261
BD1 1LE,53.79414,-1.75261
BD1 1LF,53.79414,-1.75261
BD1 1LH,53.79407,-1.75239
BD1 1LJ,53.79396,-1.75252
BD1 1LL,53.79396,-1.75252
BD1 1LN,53.79416,-1.75184
BD1 1LP,53.79306,-1.75405
BD1 1LQ,53.79404,-1.75254
BD1 1LS,53.79396,-1.75252
BD1 1LT,53.79306,-1.75405
BD1 1LU,53.79306,-1.75405
BD1 1LW,53.80265,-1.75585
BD1 1LX,53.79384,-1.74795
BD1 1LZ,53.79306,-1.75253
BD1 1NA,53.79337,-1.75242
BD1 1ND,53.79306,-1.75405
BD1 1NE,53.79340,-1.75253
BD1 1NF,53.79336,-1.75315
BD1 1NG,53.79306,-1.75405
BD1 1NH,53.79310,-1.75443
BD1 1NJ,53.79126,-1.75406
BD1 1NL,53.79413,-1.75358
BD1 1NN,53.79047,-1.75512
BD1 1NP,53.79217,-1.75557
BD1 1NQ,53.79067,-1.75611
BD1 1NR,53.80223,-1.75588
BD1 1NS,53.79454,-1.75249
BD1 1NT,53.79463,-1.75220
BD1 1NU,53.79396,-1.75252
BD1 1NW,53.79217,-1.75557
BD1 1NX,53.79217,-1.75557
BD1 1PA,53.79463,-1.75196
BD1 1PB,53.79396,-1.75404
BD1 1PE,53.79396,-1.75252
BD1 1PG,53.79463,-1.75196
BD1 1PH,53.79463,-1.75196
BD1 1PJ,53.79467,-1.75267
BD1 1PL,53.80264,-1.75584
BD1 1PN,53.79396,-1.75404
BD1 1PP,53.79438,-1.75287
BD1 1PR,53.79416,-1.75273
BD1 1PS,53.79396,-1.75252
BD1 1PT,53.79456,-1.75308
BD1 1PU,53.79394,-1.75290
BD1 1PX,53.79306,-1.75253
BD1 1PZ,53.79436,-1.75452
BD1 1QA,53.79473,-1.75320
BD1 1QB,53.79488,-1.75244
BD1 1QD,53.79476,-1.75248
BD1 1QE,53.79488,-1.75244
BD1 1QF,53.79486,-1.75252
BD1 1QH,53.79486,-1.75252
BD1 1QJ,53.79486,-1.75252
BD1 1QL,53.79508,-1.75253
BD1 1QN,53.79501,-1.75305
BD1 1QP,53.79521,-1.75493
BD1 1QQ,53.80264,-1.75584
BD1 1QR,53.79477,-1.75555
BD1 1QS,53.79426,-1.75410
BD1 1QT,53.79460,-1.75455
BD1 1QU,53.79502,-1.75536
BD1 1QX,53.79474,-1.75473
BD1 1QY,53.79482,-1.75507
BD1 1QZ,53.79486,-1.75252
BD1 1RA,53.79460,-1.75390
BD1 1RB,53.79452,-1.75384
BD1 1RD,53.79434,-1.75340
BD1 1RE,53.79424,-1.75263
BD1 1RF,53.79396,-1.75404
BD1 1RH,53.79396,-1.75404
BD1 1RJ,53.79386,-1.75365
BD1 1RL,53.79306,-1.75405
BD1 1RN,53.79398,-1.75342
BD1 1RP,53.79396,-1.75404
BD1 1RQ,53.79396,-1.75404
BD1 1RR,53.79396,-1.75404
BD1 1RS,53.79396,-1.75404
BD1 1RU,53.79353,-1.75341
BD1 1RX,53.79344,-1.75332
BD1 1RY,53.79306,-1.75557
BD1 1RZ,53.79216,-1.75253
BD1 1SB,53.79306,-1.75405
BD1 1SD,53.79306,-1.75509
BD1 1SH,53.79666,-1.75117
BD1 1SJ,53.79306,-1.75405
BD1 1SL,53.79356,-1.75237
BD1 1SN,53.79426,-1.75410
BD1 1SP,53.79396,-1.75556
BD1 1SQ,53.79383,-1.75447
BD1 1SR,53.79360,-1.75392
BD1 1SS,53.79397,-1.75166
BD1 1ST,53.79400,-1.75425
BD1 1SU,53.79397,-1.75708
BD1 1SW,53.79404,-1.75430
BD1 1SX,53.79395,-1.75518
BD1 1SY,53.79380,-1.75526
BD1 1SZ,53.79402,-1.75550
BD1 1TA,53.79396,-1.75556
BD1 1TB,53.79397,-1.75708
BD1 1TE,53.79461,-1.75519
BD1 1TF,53.79479,-1.75551
BD1 1TG,53.79307,-1.75860
BD1 1TH,53.79402,-1.75615
BD1 1TJ,53.79037,-1.75558
BD1 1TN,53.79217,-1.75557
BD1 1TQ,53.79528,-1.75545
BD1 1TR,53.79194,-1.75531
BD1 1TS,53.79448,-1.75349
BD1 1TT,53.79395,-1.74949
BD1 1TU,53.79112,-1.74968
BD1 1TW,53.79353,-1.75210
BD1 1TZ,53.79306,-1.75253
BD1 1UA,53.79444,-1.75431
BD1 1UB,53.79396,-1.75404
BD1 1UD,53.79396,-1.75404
BD1 1UE,53.79396,-1.75404
BD1 1UF,53.79396,-1.75252
BD1 1UG,53.79460,-1.75354
BD1 1UH,53.79231,-1.75328
BD1 1UJ,53.79306,-1.75253
BD1 1UL,53.79395,-1.75100
BD1 1UN,53.79397,-1.75166
BD1 1UP,53.80223,-1.75588
BD1 1UQ,53.79459,-1.75237
BD1 1UR,53.79415,-1.75351
BD1 1US,53.79407,-1.75001
BD1 1UY,53.79413,-1.75358
BD1 1UZ,53.79306,-1.75557
BD1 1WR,53.79306,-1.75557
BD1 1WW,53.80221,-1.75586
BD1 1WX,53.80264,-1.75584
BD1 1WY,53.79666,-1.75117
BD1 1WZ,53.79457,-1.75243
BD1 1XB,53.80221,-1.75586
BD1 1XG,53.80221,-1.75586
BD1 1XN,53.79666,-1.75117
BD1 1XP,53.79413,-1.75358
BD1 1XQ,53.80264,-1.75584
BD1 1XR,53.79413,-1.75358
BD1 1XS,53.79413,-1.75358
BD1 1XT,53.79413,-1.75358
BD1 1XU,53.79413,-1.75358
BD1 1XW,53.80223,-1.75588
BD1 1XY,53.79413,-1.75358
BD1 1XZ,53.80264,-1.75584
BD1 1YA,53.79306,-1.75253
BD1 1YE,53.79666,-1.75117
BD1 1YG,53.79306,-1.75253
BD1 1YH,53.79413,-1.75358
BD1 1YJ,53.79306,-1.75253
BD1 1YL,53.79306,-1.75253
BD1 1YN,53.79306,-1.75253
BD1 1YP,53.80264,-1.75584
BD1 1YR,53.79666,-1.75117
BD1 1YS,53.79415,-1.75351
BD1 1YT,53.79306,-1.75253
BD1 1YU,53.79413,-1.75358
BD1 1YW,53.79413,-1.75358
BD1 1YX,53.79306,-1.75253
BD1 1YY,53.80264,-1.75584
BD1 1YZ,53.79666,-1.75117
BD1 1ZB,53.80264,-1.75584
BD1 1ZX,53.79459,-1.75214
BD1 2AA,53.79372,-1.75470
BD1 2AB,53.79381,-1.75547
BD1 2AD,53.79415,-1.75659
BD1 2AE,53.79578,-1.76035
BD1 2AF,53.79335,-1.75840
BD1 2AG,53.79333,-1.75831
BD1 2AH,53.79342,-1.75664
BD1 2AJ,53.79457,-1.75726
BD1 2AL,53.79458,-1.75745
BD1 2AN,53.79450,-1.76101
BD1 2AP,53.79666,-1.75117
BD1 2AQ,53.79415,-1.75694
BD1 2AR,53.79356,-1.75553
BD1 2AS,53.79355,-1.75553
BD1 2AT,53.79474,-1.76069
BD1 2AU,53.79521,-1.76040
BD1 2AW,53.79458,-1.75784
BD1 2AX,53.79358,-1.75558
BD1 2AY,53.79345,-1.75502
BD1 2AZ,53.79337,-1.75420
BD1 2BA,53.79306,-1.75557
BD1 2BB,53.79306,-1.75557
BD1 2BD,53.79306,-1.75557
BD1 2BE,53.79306,-1.75557
BD1 2BN,53.79306,-1.75557
BD1 2BS,53.79231,-1.75692
BD1 2BX,53.79274,-1.75789
BD1 2BY,53.79217,-1.76012
BD1 2DA,53.79295,-1.75752
BD1 2DD,53.79307,-1.75708
BD1 2DF,53.79326,-1.75743
BD1 2DG,53.79316,-1.75845
BD1 2DH,53.79309,-1.75777
BD1 2DJ,53.79339,-1.75445
BD1 2DL,53.79307,-1.75860
BD1 2DN,53.79418,-1.75911
BD1 2DR,53.79307,-1.76012
BD1 2DT,53.79386,-1.76052
BD1 2DU,53.79308,-1.76164
BD1 2DW,53.79368,-1.76048
BD1 2DX,53.79390,-1.76095
BD1 2DZ,53.79374,-1.75503
BD1 2EB,53.79426,-1.76233
BD1 2ED,53.79308,-1.76316
BD1 2EE,53.79420,-1.76324
BD1 2EF,53.79366,-1.76397
BD1 2EG,53.79325,-1.76085
BD1 2EJ,53.79308,-1.76164
BD1 2EL,53.79308,-1.76164
BD1 2EP,53.79297,-1.75965
BD1 2ER,53.79252,-1.75800
BD1 2ES,53.79233,-1.75806
BD1 2EU,53.79307,-1.76012
BD1 2EW,53.79308,-1.76467
BD1 2EX,53.79308,-1.76467
BD1 2EZ,53.79488,-1.76314
BD1 2HA,53.79552,-1.76237
BD1 2HB,53.79521,-1.76258
BD1 2HD,53.79488,-1.76314
BD1 2HE,53.79578,-1.76466
BD1 2HF,53.79621,-1.76344
BD1 2HG,53.79488,-1.76314
BD1 2HH,53.79578,-1.76466
BD1 2HJ,53.80264,-1.75584
BD1 2HL,53.79666,-1.75117
BD1 2HN,53.79488,-1.76314
BD1 2HP,53.79548,-1.76378
BD1 2HQ,53.79604,-1.76431
BD1 2HR,53.79604,-1.76343
BD1 2HS,53.79506,-1.76288
BD1 2HT,53.79514,-1.76357
BD1 2HW,53.79488,-1.76314
BD1 2HX,53.79535,-1.76308
BD1 2HY,53.79483,-1.76234
BD1 2JA,53.79462,-1.76239
BD1 2JB,53.80264,-1.75584
BD1 2JD,53.79579,-1.76633
BD1 2JE,53.79594,-1.76678
BD1 2JG,53.79398,-1.76467
BD1 2JH,53.79521,-1.76419
BD1 2JL,53.79550,-1.76665
BD1 2JN,53.79625,-1.76680
BD1 2JQ,53.79626,-1.76866
BD1 2JR,53.79488,-1.76466
BD1 2JS,53.79710,-1.76985
BD1 2JT,53.79612,-1.76762
BD1 2JU,53.79668,-1.76769
BD1 2JW,53.79647,-1.76649
BD1 2JX,53.79659,-1.76682
BD1 2JY,53.79784,-1.76885
BD1 2LA,53.79759,-1.76817
BD1 2LB,53.79730,-1.76940
BD1 2LD,53.79709,-1.76848
BD1 2LF,53.79793,-1.76703
BD1 2LG,53.79723,-1.76752
BD1 2LH,53.79668,-1.76465
BD1 2LJ,53.79746,-1.76436
BD1 2LL,53.79705,-1.76446
BD1 2LQ,53.79653,-1.76518
BD1 2LR,53.79397,-1.76163
BD1 2LT,53.79550,-1.76237
BD1 2LU,53.79489,-1.75801
BD1 2LW,53.79713,-1.76348
BD1 2LY,53.79446,-1.75812
BD1 2LZ,53.79459,-1.75833
BD1 2NA,53.79490,-1.75880
BD1 2NB,53.79419,-1.75979
BD1 2ND,53.79451,-1.75905
BD1 2NE,53.79434,-1.75808
BD1 2NF,53.79436,-1.75824
BD1 2NG,53.79491,-1.75957
BD1 2NH,53.79490,-1.75956
BD1 2NJ,53.79393,-1.75769
BD1 2NL,53.79397,-1.75860
BD1 2NN,53.79307,-1.76012
BD1 2NP,53.79463,-1.75883
BD1 2NQ,53.79487,-1.76163
BD1 2NR,53.79490,-1.75880
BD1 2NS,53.79428,-1.76069
BD1 2NT,53.79427,-1.76069
BD1 2NU,53.79440,-1.76069
BD1 2NW,53.79397,-1.76011
BD1 2PA,53.79440,-1.76170
BD1 2PF,53.79480,-1.76067
BD1 2PG,53.79494,-1.76069
BD1 2PH,53.79489,-1.76119
BD1 2PJ,53.79492,-1.76046
BD1 2PL,53.79534,-1.76108
BD1 2PN,53.79569,-1.76178
BD1 2PP,53.79543,-1.76076
BD1 2PQ,53.79487,-1.76011
BD1 2PR,53.79556,-1.76035
BD1 2PS,53.79632,-1.76057
BD1 2PU,53.79601,-1.76130
BD1 2PW,53.79519,-1.75929
BD1 2PX,53.79614,-1.76105
BD1 2PY,53.79559,-1.75977
BD1 2PZ,53.79487,-1.76011
BD1 2QB,53.79463,-1.75967
BD1 2QD,53.79463,-1.75967
BD1 2QE,53.79487,-1.76011
BD1 2QF,53.79487,-1.76011
BD1 2QG,53.79491,-1.76110
BD1 2QH,53.79397,-1.75860
BD1 2QJ,53.79472,-1.75562
BD1 2QL,53.79435,-1.75600
BD1 2QQ,53.79397,-1.76011
BD1 2QR,53.79512,-1.75683
BD1 2QT,53.79490,-1.75709
BD1 2QU,53.79530,-1.75795
BD1 2QX,53.79487,-1.75859
BD1 2QY,53.79516,-1.75832
BD1 2QZ,53.79518,-1.75816
BD1 2RA,53.79518,-1.75816
BD1 2RB,53.79609,-1.75830
BD1 2RD,53.79636,-1.75992
BD1 2RE,53.79614,-1.75971
BD1 2RF,53.79580,-1.76448
BD1 2RG,53.79397,-1.75708
BD1 2RJ,53.79577,-1.76010
BD1 2RL,53.79488,-1.76314
BD1 2RN,53.79725,-1.76099
BD1 2RP,53.79586,-1.76267
BD1 2RR,53.79609,-1.76344
BD1 2RS,53.79613,-1.76329
BD1 2RT,53.79653,-1.76518
BD1 2RU,53.79734,-1.76257
BD1 2RW,53.79704,-1.76166
BD1 2RX,53.79737,-1.76374
BD1 2RY,53.79744,-1.76391
BD1 2RZ,53.79624,-1.76383
BD1 2SA,53.79298,-1.75681
BD1 2SD,53.79411,-1.75626
BD1 2SF,53.79318,-1.75576
BD1 2SG,53.79488,-1.76314
BD1 2SH,53.79419,-1.75655
BD1 2SL,53.79307,-1.75708
BD1 2SR,53.79217,-1.75709
BD1 2SS,53.79399,-1.75623
BD1 2ST,53.79333,-1.75585
BD1 2SU,53.79298,-1.75681
BD1 2SX,53.79464,-1.76019
BD1 2SY,53.79672,-1.76423
BD1 2SZ,53.79653,-1.76518
BD1 2TA,53.80221,-1.75586
BD1 2TB,53.79397,-1.75708
BD1 2TD,53.79367,-1.75450
BD1 2TH,53.80264,-1.75584
BD1 2TJ,53.79488,-1.76314
BD1 2TL,53.79397,-1.75708
BD1 2TN,53.79487,-1.76011
BD1 2TP,53.79538,-1.75918
BD1 2TT,53.79549,-1.75840
BD1 2TW,53.79488,-1.76314
BD1 2TX,53.79520,-1.76041
BD1 2TY,53.79488,-1.76314
BD1 2TZ,53.80223,-1.75588
BD1 2UF,53.79666,-1.75117
BD1 2UG,53.79666,-1.75117
BD1 2UH,53.79666,-1.75117
BD1 2UJ,53.80221,-1.75586
BD1 2UL,53.79488,-1.76314
BD1 2UN,53.79521,-1.76040
BD1 2UP,53.79521,-1.76040
BD1 2UQ,53.80221,-1.75586
BD1 2UR,53.79521,-1.76040
BD1 2UT,53.79488,-1.76314
BD1 2UU,53.79666,-1.75117
BD1 2UW,53.79666,-1.75117
BD1 2UX,53.79488,-1.76314
BD1 2UY,53.79666,-1.75117
BD1 2UZ,53.80264,-1.75584
BD1 2WA,53.79666,-1.75117
BD1 2WL,53.79666,-1.75117
BD1 2WN,53.79666,-1.75117
BD1 2WP,53.80221,-1.75586
BD1 2WU,53.80221,-1.75586
BD1 2XA,53.79521,-1.76040
BD1 2XB,53.80223,-1.75588
BD1 2XD,53.79666,-1.75117
BD1 2YU,53.79521,-1.76040
BD1 2YX,53.79488,-1.76314
BD1 2YY,53.79666,-1.75117
BD1 2ZY,53.80264,-1.75584
BD1 3AA,53.79720,-1.76230
BD1 3AB,53.79839,-1.76344
BD1 3AD,53.79807,-1.76360
BD1 3AF,53.79757,-1.76161
BD1 3AG,53.79756,-1.75857
BD1 3AH,53.79885,-1.75884
BD1 3AJ,53.79846,-1.75857
BD1 3AN,53.79937,-1.76108
BD1 3AP,53.79910,-1.76027
BD1 3AR,53.79936,-1.76008
BD1 3AT,53.79936,-1.76008
BD1 3AU,53.79988,-1.75952
BD1 3AX,53.79936,-1.76008
BD1 3AY,53.79887,-1.76097
BD1 3AZ,53.79978,-1.75983
BD1 3BA,53.80009,-1.75921
BD1 3BB,53.80026,-1.76008
BD1 3BE,53.80044,-1.75961
BD1 3BH,53.80117,-1.76159
BD1 3BN,53.80115,-1.76032
BD1 3BQ,53.80026,-1.76008
BD1 3BS,53.80117,-1.76311
BD1 3BT,53.80218,-1.76175
BD1 3BU,53.79971,-1.76137
BD1 3BW,53.80104,-1.76191
BD1 3BX,53.80117,-1.76159
BD1 3BY,53.79999,-1.76142
BD1 3BZ,53.80172,-1.75808
BD1 3DA,53.80117,-1.76159
BD1 3DD,53.80063,-1.76014
BD1 3DE,53.79756,-1.75857
BD1 3DG,53.79756,-1.75706
BD1 3DL,53.79846,-1.75857
BD1 3DN,53.79914,-1.75769
BD1 3DQ,53.79756,-1.75706
BD1 3DR,53.79846,-1.75705
BD1 3DS,53.79846,-1.75705
BD1 3DT,53.79919,-1.75659
BD1 3DU,53.79947,-1.75691
BD1 3DY,53.79955,-1.75750
BD1 3DZ,53.80116,-1.76007
BD1 3EA,53.79941,-1.75811
BD1 3EB,53.80006,-1.75873
BD1 3ED,53.80021,-1.75789
BD1 3EE,53.80026,-1.75856
BD1 3EF,53.80011,-1.75826
BD1 3EJ,53.80088,-1.75806
BD1 3EL,53.80026,-1.75856
BD1 3EP,53.80066,-1.75921
BD1 3EQ,53.80063,-1.75690
BD1 3ER,53.80026,-1.76008
BD1 3ES,53.80111,-1.75947
BD1 3ET,53.80107,-1.75805
BD1 3EU,53.80026,-1.75856
BD1 3EW,53.80026,-1.76008
BD1 3EX,53.80026,-1.76008
BD1 3EY,53.80195,-1.75711
BD1 3EZ,53.80220,-1.75862
BD1 3HA,53.80116,-1.76007
BD1 3HB,53.80116,-1.75704
BD1 3HD,53.79936,-1.75705
BD1 3HE,53.80026,-1.75856
BD1 3HF,53.80026,-1.75856
BD1 3HG,53.80026,-1.75856
BD1 3HH,53.79537,-1.75373
BD1 3HJ,53.79486,-1.75404
BD1 3HL,53.79555,-1.75399
BD1 3HN,53.79614,-1.75500
BD1 3HR,53.79495,-1.75329
BD1 3HT,53.79694,-1.75594
BD1 3HW,53.79576,-1.75555
BD1 3HY,53.79700,-1.75613
BD1 3HZ,53.79737,-1.75654
BD1 3JA,53.79666,-1.75706
BD1 3JB,53.79747,-1.75654
BD1 3JD,53.79666,-1.75706
BD1 3JE,53.79666,-1.75706
BD1 3JG,53.79752,-1.75666
BD1 3JH,53.79752,-1.75706
BD1 3JJ,53.79725,-1.75697
BD1 3JL,53.79676,-1.75635
BD1 3JP,53.79641,-1.75618
BD1 3JQ,53.79576,-1.75707
BD1 3JR,53.79681,-1.75656
BD1 3JS,53.79611,-1.75716
BD1 3JT,53.79576,-1.75784
BD1 3JU,53.79588,-1.75679
BD1 3JW,53.79666,-1.75706
BD1 3JX,53.79576,-1.75555
BD1 3JY,53.79572,-1.75714
BD1 3JZ,53.79487,-1.75859
BD1 3LA,53.79576,-1.75555
BD1 3LB,53.79498,-1.75434
BD1 3LE,53.79540,-1.75493
BD1 3LF,53.79472,-1.75562
BD1 3LG,53.79486,-1.75404
BD1 3LH,53.79592,-1.75471
BD1 3LJ,53.79486,-1.75404
BD1 3LN,53.79576,-1.75403
BD1 3LP,53.79515,-1.75283
BD1 3LQ,53.79576,-1.75555
BD1 3LR,53.79486,-1.75404
BD1 3LS,53.79558,-1.75335
BD1 3LW,53.79515,-1.75283
BD1 3LX,53.79552,-1.75329
BD1 3LY,53.79599,-1.75391
BD1 3NB,53.79599,-1.75391
BD1 3ND,53.79519,-1.75325
BD1 3NF,53.79486,-1.75404
BD1 3NG,53.79486,-1.75404
BD1 3NJ,53.79619,-1.75462
BD1 3NN,53.79640,-1.75425
BD1 3NQ,53.79576,-1.75555
BD1 3NU,53.79677,-1.75474
BD1 3NX,53.79666,-1.75554
BD1 3PA,53.79666,-1.75554
BD1 3PB,53.79670,-1.75483
BD1 3PD,53.79689,-1.75509
BD1 3PE,53.79677,-1.75548
BD1 3PF,53.79666,-1.75554
BD1 3PG,53.79666,-1.75554
BD1 3PH,53.79576,-1.75555
BD1 3PN,53.79666,-1.75554
BD1 3PP,53.79567,-1.75523
BD1 3PQ,53.79654,-1.75515
BD1 3PR,53.79936,-1.76008
BD1 3PS,53.79397,-1.75708
BD1 3PT,53.79500,-1.75577
BD1 3PU,53.79521,-1.75614
BD1 3PX,53.79486,-1.75707
BD1 3PY,53.79548,-1.75696
BD1 3PZ,53.79567,-1.75645
BD1 3QA,53.79486,-1.75707
BD1 3QB,53.79571,-1.75638
BD1 3QD,53.79486,-1.75707
BD1 3QE,53.79576,-1.75707
BD1 3QF,53.79583,-1.75607
BD1 3QG,53.79515,-1.75607
BD1 3QH,53.79576,-1.75555
BD1 3QJ,53.79579,-1.75526
BD1 3QL,53.79576,-1.75555
BD1 3QN,53.79576,-1.75707
BD1 3QP,53.79521,-1.75614
BD1 3QQ,53.79603,-1.75561
BD1 3QR,53.79601,-1.75400
BD1 3QS,53.79587,-1.75438
BD1 3QT,53.79576,-1.75555
BD1 3QU,53.79576,-1.75555
BD1 3QX,53.79625,-1.75409
BD1 3QZ,53.79661,-1.75465
BD1 3RA,53.79727,-1.75780
BD1 3RB,53.79691,-1.75889
BD1 3RD,53.79712,-1.76049
BD1 3RG,53.79873,-1.75949
BD1 3RH,53.79847,-1.76009
BD1 3RJ,53.79936,-1.76008
BD1 3RL,53.79936,-1.76008
BD1 3RN,53.79757,-1.76161
BD1 3RP,53.79856,-1.76095
BD1 3RQ,53.79842,-1.76054
BD1 3RS,53.79712,-1.76046
BD1 3RU,53.79837,-1.75997
BD1 3RX,53.79757,-1.76009
BD1 3RY,53.79814,-1.76059
BD1 3RZ,53.79757,-1.76009
BD1 3SA,53.79726,-1.75717
BD1 3SB,53.79757,-1.76009
BD1 3SF,53.79716,-1.76035
BD1 3SH,53.79670,-1.75738
BD1 3SJ,53.79667,-1.75858
BD1 3SN,53.79641,-1.75706
BD1 3SP,53.79576,-1.75707
BD1 3SQ,53.79663,-1.75943
BD1 3SR,53.79630,-1.75778
BD1 3SS,53.79637,-1.75773
BD1 3ST,53.79639,-1.75789
BD1 3TA,53.79576,-1.75555
BD1 3TD,53.79756,-1.75706
BD1 3TE,53.79936,-1.76008
BD1 3TF,53.79936,-1.76008
BD1 3TH,53.79983,-1.75961
BD1 3TJ,53.79936,-1.76008
BD1 3TL,53.79756,-1.75706
BD1 3TP,53.79486,-1.75404
BD1 3TQ,53.79994,-1.75932
BD1 3TR,53.79503,-1.75325
BD1 3TS,53.79576,-1.75555
BD1 3TT,53.79486,-1.75707
BD1 3TY,53.79917,-1.75929
BD1 3WY,53.80264,-1.75584
BD1 3WZ,53.80221,-1.75586
BD1 3XT,53.79666,-1.75117
BD1 3XU,53.79666,-1.75117
BD1 3XW,53.79666,-1.75117
BD1 3XX,53.79666,-1.75117
BD1 3XY,53.79848,-1.75852
BD1 3XZ,53.79666,-1.75117
BD1 3YA,53.79848,-1.75852
BD1 3YB,53.79666,-1.75117
BD1 3YD,53.79847,-1.76009
BD1 3YE,53.79848,-1.75852
BD1 3YG,53.79666,-1.75117
BD1 3YN,53.79666,-1.75117
BD1 3YP,53.80221,-1.75586
BD1 3YQ,53.79848,-1.75854
BD1 3YR,53.79848,-1.75852
BD1 3YS,53.79666,-1.75117
BD1 3YT,53.79847,-1.76009
BD1 3YU,53.79848,-1.75852
BD1 3YX,53.79847,-1.76009
BD1 3YY,53.79847,-1.76009
BD1 3YZ,53.79666,-1.75117
BD1 4AA,53.79807,-1.75098
BD1 4AB,53.79782,-1.74977
BD1 4AD,53.79575,-1.74948
BD1 4AE,53.79738,-1.74991
BD1 4AF,53.79740,-1.75038
BD1 4AG,53.79812,-1.75287
BD1 4AH,53.79823,-1.74946
BD1 4AJ,53.79946,-1.74822
BD1 4AL,53.79696,-1.74917
BD1 4AN,53.79631,-1.74940
BD1 4AP,53.79639,-1.74569
BD1 4AQ,53.79634,-1.74610
BD1 4AR,53.79629,-1.74653
BD1 4AS,53.79620,-1.74940
BD1 4AT,53.79721,-1.74960
BD1 4AU,53.79612,-1.74512
BD1 4AW,53.79806,-1.75106
BD1 4AX,53.79915,-1.74953
BD1 4AY,53.79715,-1.74972
BD1 4AZ,53.79679,-1.75330
BD1 4BA,53.79738,-1.74884
BD1 4BB,53.79665,-1.74947
BD1 4BD,53.79946,-1.75022
BD1 4BE,53.79800,-1.74704
BD1 4BJ,53.79811,-1.74845
BD1 4DA,53.79590,-1.74870
BD1 4DB,53.79642,-1.75245
BD1 4DE,53.79841,-1.74735
BD1 4DF,53.79688,-1.74880
BD1 4DG,53.79688,-1.74880
BD1 4DH,53.79817,-1.74747
BD1 4DQ,53.79886,-1.74744
BD1 4DR,53.79691,-1.74876
BD1 4DS,53.79575,-1.74948
BD1 4DX,53.79484,-1.74796
BD1 4DY,53.79506,-1.74737
BD1 4DZ,53.79518,-1.74717
BD1 4EB,53.79484,-1.74796
BD1 4ED,53.79484,-1.74796
BD1 4EE,53.79484,-1.74796
BD1 4EG,53.79597,-1.74799
BD1 4EH,53.79589,-1.74721
BD1 4EJ,53.79605,-1.74665
BD1 4EL,53.79669,-1.74788
BD1 4EN,53.79664,-1.74795
BD1 4EP,53.79586,-1.74690
BD1 4EQ,53.79682,-1.74480
BD1 4ER,53.79664,-1.74643
BD1 4ES,53.79683,-1.74557
BD1 4ET,53.79582,-1.74723
BD1 4EW,53.79694,-1.74655
BD1 4EX,53.79664,-1.74795
BD1 4EY,53.79778,-1.74683
BD1 4EZ,53.79826,-1.74690
BD1 4HA,53.79868,-1.74697
BD1 4HB,53.79528,-1.75264
BD1 4HD,53.79707,-1.74570
BD1 4HE,53.79576,-1.75403
BD1 4HF,53.79724,-1.74540
BD1 4HG,53.79486,-1.75252
BD1 4HH,53.79467,-1.75088
BD1 4HJ,53.79576,-1.75403
BD1 4HL,53.79457,-1.75137
BD1 4HN,53.79485,-1.75100
BD1 4HP,53.79599,-1.75300
BD1 4HQ,53.79576,-1.75403
BD1 4HR,53.79562,-1.75257
BD1 4HS,53.79486,-1.75252
BD1 4HT,53.79584,-1.75338
BD1 4HU,53.79561,-1.75189
BD1 4HW,53.79576,-1.75403
BD1 4HX,53.79575,-1.75251
BD1 4HY,53.79674,-1.75287
BD1 4HZ,53.79502,-1.75115
BD1 4JA,53.79517,-1.75048
BD1 4JB,53.79528,-1.74878
BD1 4JF,53.79576,-1.75403
BD1 4JG,53.79576,-1.75403
BD1 4JN,53.79486,-1.75252
BD1 4JQ,53.79576,-1.75403
BD1 4JR,53.79576,-1.75403
BD1 4JU,53.79486,-1.75252
BD1 4JX,53.79486,-1.75252
BD1 4JY,53.79576,-1.75403
BD1 4JZ,53.79486,-1.75252
BD1 4LB,53.79486,-1.75252
BD1 4LD,53.79486,-1.75252
BD1 4LH,53.79486,-1.75404
BD1 4LJ,53.79486,-1.75404
BD1 4LL,53.79486,-1.75404
BD1 4LT,53.79485,-1.75100
BD1 4LU,53.79485,-1.75100
BD1 4LW,53.79485,-1.75100
BD1 4LX,53.79485,-1.75100
BD1 4NA,53.80264,-1.75584
BD1 4NB,53.79485,-1.75100
BD1 4ND,53.79485,-1.75100
BD1 4NE,53.79485,-1.75100
BD1 4NF,53.79576,-1.75403
BD1 4NG,53.79666,-1.75403
BD1 4NH,53.79675,-1.75351
BD1 4NJ,53.79666,-1.75403
BD1 4NL,53.79680,-1.75380
BD1 4NN,53.79810,-1.75508
BD1 4NQ,53.79666,-1.75403
BD1 4NR,53.79655,-1.75410
BD1 4NS,53.79839,-1.75535
BD1 4NT,53.79878,-1.75523
BD1 4NU,53.79576,-1.75403
BD1 4NW,53.79576,-1.75403
BD1 4PA,53.79485,-1.75100
BD1 4PB,53.79647,-1.75378
BD1 4PE,53.79576,-1.75403
BD1 4PF,53.79756,-1.75554
BD1 4PG,53.79666,-1.75403
BD1 4PH,53.79675,-1.75351
BD1 4PP,53.79666,-1.75554
BD1 4PQ,53.79576,-1.75403
BD1 4PS,53.79703,-1.75551
BD1 4PT,53.79666,-1.75554
BD1 4PU,53.79670,-1.75420
BD1 4PX,53.79666,-1.75706
BD1 4PY,53.79666,-1.75706
BD1 4QB,53.79739,-1.75627
BD1 4QD,53.79800,-1.75575
BD1 4QE,53.79766,-1.75588
BD1 4QF,53.79779,-1.75452
BD1 4QH,53.79788,-1.75528
BD1 4QJ,53.79827,-1.75462
BD1 4QL,53.79745,-1.75464
BD1 4QN,53.80223,-1.75588
BD1 4QP,53.79722,-1.75416
BD1 4QQ,53.79696,-1.75386
BD1 4QR,53.80221,-1.75586
BD1 4QS,53.79710,-1.75373
BD1 4QT,53.79728,-1.75405
BD1 4QU,53.79733,-1.75495
BD1 4QW,53.79745,-1.75473
BD1 4QX,53.79576,-1.75403
BD1 4QY,53.79666,-1.75554
BD1 4QZ,53.79666,-1.75554
BD1 4RA,53.80692,-1.75544
BD1 4RB,53.80488,-1.75457
BD1 4RD,53.80223,-1.75588
BD1 4RE,53.80191,-1.75169
BD1 4RF,53.80238,-1.75348
BD1 4RG,53.80204,-1.75248
BD1 4RH,53.79962,-1.75102
BD1 4RJ,53.80373,-1.75518
BD1 4RL,53.79666,-1.75117
BD1 4RN,53.80090,-1.75514
BD1 4RP,53.80072,-1.75221
BD1 4RQ,53.79734,-1.74944
BD1 4RR,53.80025,-1.75401
BD1 4RS,53.80223,-1.75588
BD1 4RT,53.80475,-1.75702
BD1 4RU,53.80720,-1.75781
BD1 4RW,53.79665,-1.75099
BD1 4RX,53.80201,-1.75245
BD1 4RY,53.80588,-1.75646
BD1 4RZ,53.81050,-1.75036
BD1 4SA,53.80850,-1.75882
BD1 4SB,53.80325,-1.75175
BD1 4SD,53.79923,-1.74946
BD1 4SE,53.80744,-1.75548
BD1 4SF,53.80809,-1.75598
BD1 4SG,53.79666,-1.75117
BD1 4SH,53.80545,-1.75288
BD1 4SJ,53.80399,-1.75254
BD1 4SL,53.80924,-1.75395
BD1 4SN,53.80834,-1.75244
BD1 4SP,53.80525,-1.75214
BD1 4SQ,53.79806,-1.75106
BD1 4SR,53.80886,-1.75520
BD1 4SS,53.79844,-1.74946
BD1 4ST,53.79485,-1.74948
BD1 4SU,53.79549,-1.75030
BD1 4SW,53.79809,-1.75010
BD1 4SX,53.80989,-1.75623
BD1 4SZ,53.79485,-1.75100
BD1 4TB,53.79549,-1.75030
BD1 4TE,53.79485,-1.75100
BD1 4TF,53.79549,-1.75030
BD1 4TG,53.79549,-1.75030
BD1 4TH,53.79549,-1.75030
BD1 4TJ,53.79485,-1.75100
BD1 4TN,53.79485,-1.75100
BD1 4TP,53.79485,-1.75100
BD1 4TR,53.79511,-1.75079
BD1 4TS,53.79665,-1.74947
BD1 4TT,53.79754,-1.74947
BD1 4TW,53.79567,-1.75016
BD1 4TX,53.79576,-1.75403
BD1 4TY,53.79528,-1.74878
BD1 4UA,53.79528,-1.74878
BD1 4UB,53.79664,-1.74643
BD1 4UD,53.79574,-1.74796
BD1 4UE,53.79549,-1.75030
BD1 4UG,53.79813,-1.75007
BD1 4UJ,53.79576,-1.75403
BD1 4UZ,53.79576,-1.75403
BD1 4WA,53.80223,-1.75588
BD1 4WB,53.80264,-1.75584
BD1 4WD,53.80223,-1.75588
BD1 4WP,53.79666,-1.75117
BD1 4WQ,53.79666,-1.75117
BD1 4WR,53.80221,-1.75586
BD1 4WS,53.79750,-1.75007
BD1 4WT,53.79818,-1.74964
BD1 4WU,53.79818,-1.74964
BD1 4WW,53.79666,-1.75117
BD1 4WX,53.79818,-1.74964
BD1 4WY,53.79818,-1.74964
BD1 4WZ,53.79818,-1.74964
BD1 4XA,53.80221,-1.75586
BD1 4XB,53.80264,-1.75584
BD1 4XD,53.79642,-1.75245
BD1 4XE,53.79666,-1.75117
BD1 4XF,53.79666,-1.75117
BD1 4XG,53.79666,-1.75117
BD1 4XH,53.79666,-1.75117
BD1 4XJ,53.79666,-1.75117
BD1 4XL,53.79666,-1.75117
BD1 4XN,53.80264,-1.75584
BD1 4XP,53.79776,-1.75012
BD1 4XQ,53.79666,-1.75117
BD1 4XR,53.79666,-1.75117
BD1 4XS,53.80221,-1.75586
BD1 4XU,53.79806,-1.75106
BD1 4XW,53.79576,-1.75403
BD1 4XX,53.79642,-1.75245
BD1 4XY,53.79642,-1.75245
BD1 4XZ,53.79642,-1.75245
BD1 4YA,53.79642,-1.75245
BD1 4YB,53.79642,-1.75245
BD1 4YD,53.79642,-1.75245
BD1 4YE,53.79642,-1.75245
BD1 4YF,53.79642,-1.75245
BD1 4YG,53.79642,-1.75245
BD1 4YH,53.79642,-1.75245
BD1 4YJ,53.79750,-1.75007
BD1 4YL,53.79642,-1.75245
BD1 4YN,53.79642,-1.75245
BD1 4YP,53.80223,-1.75588
BD1 4YQ,53.79642,-1.75245
BD1 4YR,53.80223,-1.75588
BD1 4YS,53.79666,-1.75117
BD1 4YT,53.79666,-1.75117
BD1 4YU,53.79776,-1.75012
BD1 4YW,53.80221,-1.75586
BD1 4YX,53.79576,-1.75403
BD1 4YY,53.79576,-1.75403
BD1 4YZ,53.79806,-1.75107
BD1 5AA,53.79284,-1.74693
BD1 5AD,53.79379,-1.74695
BD1 5AE,53.79382,-1.74622
BD1 5AF,53.79353,-1.74702
BD1 5AG,53.79458,-1.74681
BD1 5AH,53.79418,-1.74665
BD1 5AJ,53.79450,-1.74692
BD1 5AL,53.79413,-1.74634
BD1 5AN,53.79038,-1.75136
BD1 5AP,53.79481,-1.74645
BD1 5AQ,53.79395,-1.74797
BD1 5AR,53.79395,-1.74797
BD1 5AS,53.79484,-1.74649
BD1 5AT,53.79244,-1.74352
BD1 5AU,53.79292,-1.74746
BD1 5AW,53.79420,-1.74650
BD1 5AX,53.79055,-1.75238
BD1 5AY,53.79232,-1.74698
BD1 5AZ,53.79503,-1.74419
BD1 5BA,53.79447,-1.74734
BD1 5BB,53.79494,-1.74416
BD1 5BD,53.79478,-1.74505
BD1 5BE,53.79551,-1.74637
BD1 5BG,53.79574,-1.74644
BD1 5BJ,53.79533,-1.74576
BD1 5BL,53.79336,-1.74392
BD1 5BN,53.79418,-1.74711
BD1 5BP,53.79484,-1.74645
BD1 5BQ,53.79353,-1.74437
BD1 5BS,53.79548,-1.74553
BD1 5BT,53.79429,-1.74706
BD1 5BU,53.79574,-1.74644
BD1 5BW,53.79451,-1.74820
BD1 5BX,53.79461,-1.74830
BD1 5BY,53.79522,-1.74473
BD1 5BZ,53.79430,-1.74472
BD1 5DA,53.79121,-1.75262
BD1 5DB,53.79121,-1.75262
BD1 5DD,53.79484,-1.74493
BD1 5DE,53.79484,-1.74645
BD1 5DF,53.79394,-1.74493
BD1 5DG,53.79484,-1.74493
BD1 5DH,53.79484,-1.74493
BD1 5DJ,53.79465,-1.74569
BD1 5DL,53.79379,-1.74554
BD1 5DN,53.79404,-1.74531
BD1 5DP,53.79426,-1.74516
BD1 5DQ,53.79442,-1.74490
BD1 5DS,53.79394,-1.74645
BD1 5DT,53.79443,-1.74537
BD1 5DU,53.79304,-1.74646
BD1 5DW,53.79542,-1.74417
BD1 5DY,53.79343,-1.74593
BD1 5DZ,53.79394,-1.74645
BD1 5EA,53.79395,-1.74797
BD1 5EB,53.79395,-1.74797
BD1 5ED,53.79446,-1.74803
BD1 5EE,53.79376,-1.74457
BD1 5EF,53.79573,-1.74340
BD1 5EH,53.79484,-1.74493
BD1 5EJ,53.79484,-1.74341
BD1 5EN,53.79468,-1.74432
BD1 5EP,53.79451,-1.74437
BD1 5EQ,53.79484,-1.74493
BD1 5ES,53.79394,-1.74493
BD1 5ET,53.79508,-1.74523
BD1 5EW,53.79484,-1.74341
BD1 5EZ,53.79484,-1.74493
BD1 5GZ,53.79542,-1.74498
BD1 5HA,53.79394,-1.74493
BD1 5HB,53.80264,-1.75584
BD1 5HD,53.79410,-1.74411
BD1 5HE,53.79392,-1.74430
BD1 5HF,53.79380,-1.74516
BD1 5HG,53.79391,-1.74422
BD1 5HH,53.79304,-1.74494
BD1 5HJ,53.79432,-1.74284
BD1 5HP,53.79394,-1.74342
BD1 5HQ,53.79460,-1.74252
BD1 5HR,53.79458,-1.74197
BD1 5HS,53.79480,-1.74824
BD1 5HT,53.79407,-1.74483
BD1 5HU,53.79560,-1.74225
BD1 5HW,53.79421,-1.74199
BD1 5HY,53.79484,-1.74341
BD1 5HZ,53.79559,-1.74225
BD1 5JA,53.79570,-1.74064
BD1 5JB,53.79488,-1.74183
BD1 5JD,53.79512,-1.74157
BD1 5JG,53.79573,-1.74189
BD1 5JH,53.79394,-1.74645
BD1 5JJ,53.79574,-1.74644
BD1 5JL,53.79574,-1.74644
BD1 5JQ,53.79215,-1.74646
BD1 5JW,53.79035,-1.74799
BD1 5JX,53.79125,-1.74647
BD1 5JY,53.79215,-1.74646
BD1 5JZ,53.79666,-1.75117
BD1 5LD,53.79156,-1.74754
BD1 5LG,53.79034,-1.74496
BD1 5LH,53.79124,-1.74495
BD1 5LL,53.79165,-1.74457
BD1 5LN,53.79186,-1.74197
BD1 5LP,53.79120,-1.74210
BD1 5LQ,53.79164,-1.74301
BD1 5LR,53.79109,-1.74494
BD1 5LS,53.79164,-1.74457
BD1 5NA,53.79124,-1.74343
BD1 5ND,53.78997,-1.74141
BD1 5NE,53.79480,-1.74824
BD1 5NF,53.79395,-1.74797
BD1 5NG,53.79395,-1.74949
BD1 5NH,53.80221,-1.75586
BD1 5NL,53.79395,-1.74949
BD1 5NP,53.79395,-1.74949
BD1 5NQ,53.79395,-1.74949
BD1 5NR,53.79395,-1.74949
BD1 5NU,53.79480,-1.74824
BD1 5NW,53.79395,-1.74949
BD1 5PE,53.79395,-1.74797
BD1 5PG,53.79395,-1.74797
BD1 5PR,53.79395,-1.74949
BD1 5PS,53.79403,-1.74747
BD1 5PT,53.79304,-1.74646
BD1 5PU,53.79305,-1.74798
BD1 5PX,53.79215,-1.74798
BD1 5PY,53.79215,-1.74798
BD1 5PZ,53.79292,-1.74746
BD1 5QA,53.79305,-1.74798
BD1 5QD,53.79304,-1.74646
BD1 5QE,53.79304,-1.74646
BD1 5QF,53.79304,-1.74646
BD1 5QH,53.79215,-1.74646
BD1 5QQ,53.79304,-1.74494
BD1 5QS,53.79125,-1.74799
BD1 5QW,53.79125,-1.74647
BD1 5QX,53.79215,-1.74798
BD1 5QY,53.79215,-1.74798
BD1 5RB,53.79215,-1.74798
BD1 5RE,53.79502,-1.74418
BD1 5RF,53.79480,-1.74824
BD1 5RG,53.79215,-1.74646
BD1 5RJ,53.80264,-1.75584
BD1 5RL,53.79068,-1.75364
BD1 5RQ,53.80223,-1.75588
BD1 5RW,53.79002,-1.75361
BD1 5RZ,53.80264,-1.75584
BD1 5SA,53.79147,-1.75213
BD1 5SD,53.79148,-1.75213
BD1 5SF,53.79036,-1.75255
BD1 5SG,53.79120,-1.75262
BD1 5SH,53.79195,-1.75159
BD1 5SN,53.79395,-1.74949
BD1 5SP,53.79395,-1.74949
BD1 5SQ,53.79120,-1.75262
BD1 5SU,53.79666,-1.75117
BD1 5SW,53.79446,-1.74803
BD1 5SX,53.79428,-1.74706
BD1 5SY,53.79215,-1.74798
BD1 5SZ,53.79215,-1.74798
BD1 5TA,53.79254,-1.74743
BD1 5TB,53.79395,-1.74949
BD1 5TX,53.80221,-1.75586
BD1 5TY,53.80221,-1.75586
BD1 5TZ,53.80221,-1.75586
BD1 5UF,53.79666,-1.75117
BD1 5UG,53.79666,-1.75117
BD1 5UH,53.80223,-1.75588
BD1 5UJ,53.80221,-1.75586
BD1 5UL,53.80264,-1.75584
BD1 5UN,53.79666,-1.75117
BD1 5UP,53.79666,-1.75117
BD1 5UQ,53.80264,-1.75584
BD1 5UR,53.80264,-1.75584
BD1 5US,53.80223,-1.75588
BD1 5UT,53.80264,-1.75584
BD1 5UU,53.79666,-1.75117
BD1 5UW,53.80221,-1.75586
BD1 5UX,53.80221,-1.75586
BD1 5UY,53.80221,-1.75586
BD1 5UZ,53.80221,-1.75586
BD1 5WA,53.80264,-1.75584
BD1 5WB,53.80223,-1.75588
BD1 5WD,53.80223,-1.75588
BD1 5WE,53.80221,-1.75586
BD1 5WF,53.79666,-1.75117
BD1 5WG,53.79666,-1.75117
BD1 5WH,53.79666,-1.75117
BD1 5WJ,53.80264,-1.75584
BD1 5WP,53.79666,-1.75117
BD1 5WQ,53.79666,-1.75117
BD1 5WR,53.79413,-1.74634
BD1 5WS,53.80221,-1.75586
BD1 5WT,53.79666,-1.75117
BD1 5WU,53.79413,-1.74634
BD1 5WX,53.80264,-1.75584
BD1 5WY,53.79666,-1.75117
BD1 5WZ,53.80221,-1.75586
BD1 5XA,53.80221,-1.75586
BD1 5XB,53.79410,-1.74580
BD1 5XD,53.79666,-1.75117
BD1 5XE,53.80221,-1.75586
BD1 5XF,53.80221,-1.75586
BD1 5XG,53.79666,-1.75117
BD1 5XH,53.79413,-1.74634
BD1 5XJ,53.79413,-1.74634
BD1 5XL,53.79413,-1.74634
BD1 5XN,53.80264,-1.75584
BD1 5XP,53.80264,-1.75584
BD1 5XQ,53.80264,-1.75584
BD1 5XR,53.80264,-1.75584
BD1 5XS,53.80223,-1.75588
BD1 5XT,53.80264,-1.75584
BD1 5XU,53.80264,-1.75584
BD1 5XW,53.79666,-1.75117
BD1 5XX,53.80264,-1.75584
BD1 5YD,53.80221,-1.75586
BD1 5YG,53.80221,-1.75586
BD1 5YH,53.79666,-1.75117
BD1 5YJ,53.80221,-1.75586
BD1 5YL,53.80221,-1.75586
BD1 5YN,53.80264,-1.75584
BD1 5YP,53.80221,-1.75586
BD1 5YQ,53.80264,-1.75584
BD1 5YR,53.80264,-1.75584
BD1 5YS,53.79666,-1.75117
BD1 5YT,53.80221,-1.75586
BD1 5YU,53.80264,-1.75584
BD1 5YW,53.80264,-1.75584
BD1 5YX,53.80223,-1.75588
BD1 5YY,53.79666,-1.75117
BD1 5YZ,53.79666,-1.75117
BD1 5ZD,53.80264,-1.75584
BD1 5ZE,53.80264,-1.75584
BD1 5ZF,53.79666,-1.75117
BD1 5ZG,53.80264,-1.75584
BD1 5ZR,53.79666,-1.75117
BD1 5ZS,53.78227,-1.75107
BD1 5ZT,53.79666,-1.75117
BD1 9AA,53.80223,-1.75588
BD1 9AB,53.80223,-1.75588
BD1 9AD,53.80265,-1.75585
BD1 9AE,53.80223,-1.75588
BD1 9AF,53.80264,-1.75584
BD1 9AG,53.80265,-1.75585
BD1 9AH,53.80265,-1.75585
BD1 9AJ,53.80265,-1.75585
BD1 9AL,53.80221,-1.75586
BD1 9AN,53.80265,-1.75585
BD1 9AP,53.80221,-1.75586
BD1 9AQ,53.80223,-1.75588
BD1 9AR,53.80265,-1.75585
BD1 9AS,53.80223,-1.75588
BD1 9AT,53.80265,-1.75585
BD1 9AU,53.80221,-1.75586
BD1 9AW,53.80265,-1.75585
BD1 9AX,53.80265,-1.75585
BD1 9AY,53.80223,-1.75588
BD1 9AZ,53.80265,-1.75585
BD1 9BA,53.80264,-1.75584
BD1 9BB,53.80265,-1.75585
BD1 9BD,53.80221,-1.75586
BD1 9BE,53.80221,-1.75586
BD1 9BF,53.80221,-1.75586
BD1 9BG,53.80221,-1.75586
BD1 9BH,53.80223,-1.75588
BD1 9BJ,53.80221,-1.75586
BD1 9BL,53.80221,-1.75586
BD1 9BN,53.80265,-1.75585
BD1 9BP,53.80221,-1.75586
BD1 9BQ,53.80221,-1.75586
BD1 9BR,53.80223,-1.75588
BD1 9BS,53.80221,-1.75586
BD1 9BT,53.80221,-1.75586
BD1 9BU,53.80265,-1.75585
BD1 9BW,53.80221,-1.75586
BD1 9BX,53.80223,-1.75588
BD1 9BY,53.80223,-1.75588
BD1 9BZ,53.80221,-1.75586
BD1 9DA,53.80223,-1.75588
BD1 9DB,53.80223,-1.75588
BD1 9DD,53.80221,-1.75586
BD1 9DE,53.80221,-1.75586
BD1 9DF,53.80221,-1.75586
BD1 9DG,53.80223,-1.75588
BD1 9DH,53.80223,-1.75588
BD1 9DJ,53.80221,-1.75586
BD1 9DL,53.80264,-1.75584
BD1 9DN,53.80221,-1.75586
BD1 9DP,53.80223,-1.75588
BD1 9DQ,53.80223,-1.75588
BD1 9DR,53.80223,-1.75588
BD1 9DS,53.80221,-1.75586
BD1 9DT,53.80223,-1.75588
BD1 9DU,53.80223,-1.75588
BD1 9DW,53.80223,-1.75588
BD1 9DX,53.80221,-1.75586
BD1 9DY,53.80221,-1.75586
BD1 9DZ,53.80221,-1.75586
BD1 9EA,53.80221,-1.75586
BD1 9EB,53.80223,-1.75588
BD1 9ED,53.80221,-1.75586
BD1 9EE,53.80221,-1.75586
BD1 9EF,53.80221,-1.75586
BD1 9EG,53.80221,-1.75586
BD1 9EH,53.80221,-1.75586
BD1 9EJ,53.80221,-1.75586
BD1 9EL,53.80223,-1.75588
BD1 9EN,53.80221,-1.75586
BD1 9EP,53.80221,-1.75586
BD1 9EQ,53.80221,-1.75586
BD1 9ER,53.80221,-1.75586
BD1 9ES,53.80221,-1.75586
BD1 9ET,53.80221,-1.75586
BD1 9EU,53.80265,-1.75585
BD1 9EW,53.80221,-1.75586
BD1 9EX,53.80221,-1.75586
BD1 9EY,53.80221,-1.75586
BD1 9EZ,53.80221,-1.75586
BD1 9FA,53.80221,-1.75586
BD1 9FB,53.80221,-1.75586
BD1 9FD,53.80221,-1.75586
BD1 9FE,53.80223,-1.75588
BD1 9FF,53.80221,-1.75586
BD1 9FG,53.80264,-1.75584
BD1 9FH,53.80221,-1.75586
BD1 9FJ,53.80221,-1.75586
BD1 9FL,53.80221,-1.75586
BD1 9FN,53.80221,-1.75586
BD1 9FP,53.80221,-1.75586
BD1 9FQ,53.80221,-1.75586
BD1 9FR,53.80221,-1.75586
BD1 9FS,53.80223,-1.75588
BD1 9FT,53.80221,-1.75586
BD1 9FU,53.80221,-1.75586
BD1 9FW,53.80221,-1.75586
BD1 9FX,53.80221,-1.75586
BD1 9FY,53.80221,-1.75586
BD1 9FZ,53.80221,-1.75586
BD1 9GA,53.80221,-1.75586
BD1 9GB,53.80223,-1.75588
BD1 9GD,53.80221,-1.75586
BD1 9GE,53.80221,-1.75586
BD1 9GF,53.80221,-1.75586
BD1 9GG,53.80221,-1.75586
BD1 9GH,53.80223,-1.75588
BD1 9GJ,53.80221,-1.75586
BD1 9GL,53.80221,-1.75586
BD1 9GN,53.80221,-1.75586
BD1 9GP,53.80221,-1.75586
BD1 9GQ,53.80221,-1.75586
BD1 9GR,53.80223,-1.75588
BD1 9GS,53.80221,-1.75586
BD1 9GT,53.80221,-1.75586
BD1 9GU,53.80221,-1.75586
BD1 9GW,53.80221,-1.75586
BD1 9GX,53.80221,-1.75586
BD1 9GY,53.80221,-1.75586
BD1 9GZ,53.80221,-1.75586
BD1 9HA,53.80221,-1.75586
BD1 9HB,53.80221,-1.75586
BD1 9HD,53.80221,-1.75586
BD1 9HE,53.80221,-1.75586
BD1 9HF,53.80221,-1.75586
BD1 9HG,53.80221,-1.75586
BD1 9HH,53.80221,-1.75586
BD1 9HJ,53.80221,-1.75586
BD1 9HL,53.80221,-1.75586
BD1 9HN,53.80221,-1.75586
BD1 9HP,53.80221,-1.75586
BD1 9HQ,53.80221,-1.75586
BD1 9HR,53.80221,-1.75586
BD1 9HT,53.80221,-1.75586
BD1 9HU,53.80221,-1.75586
BD1 9HW,53.80221,-1.75586
BD1 9HX,53.80221,-1.75586
BD1 9HY,53.80221,-1.75586
BD1 9HZ,53.80221,-1.75586
BD1 9JA,53.80221,-1.75586
BD1 9JB,53.80221,-1.75586
BD1 9JD,53.80221,-1.75586
BD1 9JE,53.80221,-1.75586
BD1 9JF,53.80221,-1.75586
BD1 9JG,53.80223,-1.75588
BD1 9JH,53.80221,-1.75586
BD1 9JJ,53.80223,-1.75588
BD1 9JL,53.80223,-1.75588
BD1 9JN,53.80264,-1.75584
BD1 9JP,53.80221,-1.75586
BD1 9JQ,53.80265,-1.75585
BD1 9JR,53.80221,-1.75586
BD1 9JS,53.80221,-1.75586
BD1 9JT,53.80221,-1.75586
BD1 9JU,53.80221,-1.75586
BD1 9JW,53.80221,-1.75586
BD1 9JX,53.80221,-1.75586
BD1 9JY,53.80221,-1.75586
BD1 9JZ,53.80221,-1.75586
BD1 9LA,53.80221,-1.75586
BD1 9LB,53.80221,-1.75586
BD1 9LD,53.80221,-1.75586
BD1 9LE,53.80264,-1.75584
BD1 9LF,53.80221,-1.75586
BD1 9LG,53.80221,-1.75586
BD1 9LH,53.80221,-1.75586
BD1 9LJ,53.80264,-1.75584
BD1 9LL,53.80221,-1.75586
BD1 9LN,53.80221,-1.75586
BD1 9LP,53.80221,-1.75586
BD1 9LQ,53.80221,-1.75586
BD1 9LR,53.80221,-1.75586
BD1 9LS,53.80221,-1.75586
BD1 9LT,53.80264,-1.75584
BD1 9LU,53.80221,-1.75586
BD1 9LW,53.80221,-1.75586
BD1 9LX,53.80221,-1.75586
BD1 9LY,53.80221,-1.75586
BD1 9LZ,53.80221,-1.75586
BD1 9NA,53.80221,-1.75586
BD1 9NB,53.80221,-1.75586
BD1 9ND,53.80221,-1.75586
BD1 9NE,53.80221,-1.75586
BD1 9NF,53.80221,-1.75586
BD1 9NG,53.80264,-1.75584
BD1 9NH,53.80221,-1.75586
BD1 9NJ,53.80223,-1.75588
BD1 9NL,53.80264,-1.75584
BD1 9NN,53.80221,-1.75586
BD1 9NP,53.80221,-1.75586
BD1 9NQ,53.80223,-1.75588
BD1 9NR,53.80223,-1.75588
BD1 9NS,53.80221,-1.75586
BD1 9NT,53.80221,-1.75586
BD1 9NU,53.80264,-1.75584
BD1 9NW,53.80221,-1.75586
BD1 9NX,53.80221,-1.75586
BD1 9NY,53.80221,-1.75586
BD1 9NZ,53.80223,-1.75588
BD1 9PA,53.80221,-1.75586
BD1 9PB,53.80221,-1.75586
BD1 9PD,53.80221,-1.75586
BD1 9PE,53.80221,-1.75586
BD1 9PF,53.80264,-1.75584
BD1 9PG,53.80264,-1.75584
BD1 9PH,53.80221,-1.75586
BD1 9PJ,53.80264,-1.75584
BD1 9PL,53.80264,-1.75584
BD1 9PN,53.80221,-1.75586
BD1 9PP,53.80264,-1.75584
BD1 9PQ,53.80221,-1.75586
BD1 9PR,53.80264,-1.75584
BD1 9PS,53.80221,-1.75586
BD1 9PT,53.80221,-1.75586
BD1 9PU,53.80223,-1.75588
BD1 9PW,53.80221,-1.75586
BD1 9PX,53.80223,-1.75588
BD1 9PY,53.80221,-1.75586
BD1 9PZ,53.80221,-1.75586
BD1 9QA,53.80265,-1.75585
BD1 9QB,53.80265,-1.75585
BD1 9QD,53.80265,-1.75585
BD1 9QE,53.80265,-1.75585
BD1 9QF,53.80221,-1.75586
BD1 9QG,53.80223,-1.75588
BD1 9QH,53.80223,-1.75588
BD1 9QJ,53.80223,-1.75588
BD1 9QL,53.80221,-1.75586
BD1 9QN,53.80221,-1.75586
BD1 9QP,53.80221,-1.75586
BD1 9QQ,53.80221,-1.75586
BD1 9QR,53.80223,-1.75588
BD1 9QS,53.80223,-1.75588
BD1 9QT,53.80223,-1.75588
BD1 9QU,53.80223,-1.75588
BD1 9QW,53.80223,-1.75588
BD1 9QX,53.80223,-1.75588
BD1 9QY,53.80221,-1.75586
BD1 9QZ,53.80221,-1.75586
BD1 9RA,53.80221,-1.75586
BD1 9RB,53.80221,-1.75586
BD1 9RD,53.80221,-1.75586
BD1 9RE,53.80221,-1.75586
BD1 9RF,53.80221,-1.75586
BD1 9RG,53.80223,-1.75588
BD1 9RH,53.80223,-1.75588
BD1 9RJ,53.80223,-1.75588
BD1 9RL,53.80223,-1.75588
BD1 9RN,53.80223,-1.75588
BD1 9RP,53.80223,-1.75588
BD1 9RQ,53.80223,-1.75588
BD1 9RR,53.80223,-1.75588
BD1 9RS,53.80221,-1.75586
BD1 9RT,53.80223,-1.75588
BD1 9RU,53.80223,-1.75588
BD1 9RW,53.80221,-1.75586
BD1 9RX,53.80221,-1.75586
BD1 9RY,53.80221,-1.75586
BD1 9RZ,53.80221,-1.75586
BD1 9SA,53.79231,-1.75328
BD1 9SB,53.79231,-1.75328
BD1 9SD,53.79231,-1.75328
BD1 9SE,53.79231,-1.75328
BD1 9SF,53.79231,-1.75328
BD1 9SG,53.79231,-1.75329
BD1 9SH,53.79231,-1.75328
BD1 9SJ,53.79231,-1.75328
BD1 9SL,53.79231,-1.75328
BD1 9SN,53.79231,-1.75328
BD1 9SP,53.79231,-1.75328
BD1 9SQ,53.79231,-1.75328
BD1 9SR,53.79231,-1.75328
BD1 9SS,53.79231,-1.75328
BD1 9ST,53.79231,-1.75328
BD1 9SU,53.79231,-1.75328
BD1 9SW,53.79231,-1.75328
BD1 9SX,53.79231,-1.75328
BD1 9SY,53.79231,-1.75328
BD1 9SZ,53.79231,-1.75328
BD1 9TA,53.79231,-1.75328
BD1 9TB,53.79231,-1.75328
BD1 9TD,53.79231,-1.75328
BD1 9TE,53.79231,-1.75328
BD1 9TF,53.79231,-1.75328
BD1 9TG,53.79231,-1.75328
BD1 9TH,53.79231,-1.75328
BD1 9TJ,53.79231,-1.75328
BD1 9TL,53.79231,-1.75328
BD1 9TN,53.79231,-1.75328
BD1 9TP,53.79231,-1.75328
BD1 9TQ,53.79231,-1.75328
BD1 9TR,53.79231,-1.75328
BD1 9TS,53.79231,-1.75328
BD1 9TT,53.79231,-1.75328
BD1 9TU,53.79231,-1.75329
BD1 9TW,53.79231,-1.75328
BD1 9TX,53.79231,-1.75328
BD1 9TY,53.79231,-1.75328
BD1 9TZ,53.79231,-1.75328
BD1 9UA,53.79231,-1.75328
BD1 9UB,53.79231,-1.75328
BD1 9UD,53.79231,-1.75328
BD1 9UE,53.79231,-1.75328
BD1 9UF,53.79231,-1.75328
BD1 9UG,53.79231,-1.75328
BD1 9UH,53.79231,-1.75328
BD1 9UJ,53.79231,-1.75328
BD1 9UL,53.79231,-1.75328
BD1 9UN,53.79231,-1.75328
BD1 9UP,53.79231,-1.75328
BD1 9UQ,53.79231,-1.75328
BD1 9UR,53.80221,-1.75586
BD1 9US,53.80221,-1.75586
BD1 9UT,53.80221,-1.75586
BD1 9UU,53.80265,-1.75585
BD1 9UW,53.80221,-1.75586
BD1 9UX,53.80221,-1.75586
BD1 9UY,53.80264,-1.75584
BD1 9UZ,53.80221,-1.75586
BD1 9WA,53.80221,-1.75586
BD1 9WB,53.80221,-1.75586
BD1 9WD,53.80221,-1.75586
BD1 9WE,53.80221,-1.75586
BD1 9WF,53.80221,-1.75586
BD1 9WG,53.80221,-1.75586
BD1 9WH,53.80264,-1.75584
BD1 9WJ,53.80223,-1.75588
BD1 9WL,53.80221,-1.75586
BD1 9WN,53.80221,-1.75586
BD1 9WP,53.80223,-1.75588
BD1 9WQ,53.80221,-1.75586
BD1 9WR,53.80264,-1.75584
BD1 9WS,53.80221,-1.75586
BD1 9WT,53.80221,-1.75586
BD1 9WU,53.80221,-1.75586
BD1 9WW,53.80221,-1.75586
BD1 9WX,53.80264,-1.75584
BD1 9WY,53.80223,-1.75588
BD1 9WZ,53.80264,-1.75584
BD1 9XA,53.80264,-1.75584
BD1 9XD,53.80221,-1.75586
BD1 9XE,53.80264,-1.75584
BD1 9XF,53.80223,-1.75588
BD1 9XG,53.80264,-1.75584
BD1 9XJ,53.80221,-1.75586
BD1 9XL,53.80221,-1.75586
BD1 9XN,53.80264,-1.75584
BD1 9XP,53.80264,-1.75584
BD1 9XQ,53.80264,-1.75584
BD1 9XR,53.80221,-1.75586
BD1 9XS,53.80223,-1.75588
BD1 9XT,53.80221,-1.75586
BD1 9XU,53.80223,-1.75588
BD1 9XX,53.80264,-1.75584
BD1 9XY,53.80264,-1.75584
BD1 9XZ,53.80264,-1.75584
BD1 9YA,53.80223,-1.75588
BD1 9YB,53.80264,-1.75584
BD1 9YD,53.80264,-1.75584
BD1 9YE,53.80264,-1.75584
BD1 9YF,53.80223,-1.75588
BD1 9YG,53.80264,-1.75584
BD1 9YH,53.80223,-1.75588
BD1 9YJ,53.80265,-1.75585
BD1 9YL,53.80265,-1.75585
BD1 9YN,53.80223,-1.75588
BD1 9YP,53.80265,-1.75585
BD1 9YQ,53.80265,-1.75585
BD1 9YR,53.80265,-1.75585
BD1 9YS,53.80223,-1.75588
BD1 9YT,53.80265,-1.75585
BD1 9YU,53.80223,-1.75588
BD1 9YW,53.80223,-1.75588
BD1 9YX,53.80223,-1.75588
BD1 9YY,53.80223,-1.75588
BD1 9YZ,53.80223,-1.75588
BD1 9ZZ,53.80264,-1.75584
